post_type,post_status,post_title,post_name,post_excerpt,post_content,post_category,tags_input,seo_title,meta_description,focus_keyword,yoast_wpseo_title,yoast_wpseo_metadesc,yoast_wpseo_focuskw,rank_math_title,rank_math_description,rank_math_focus_keyword
post,draft,Is Your Website Costing You Customers in 2026?,is-your-website-costing-you-customers-in-2026,"Is Your Website Driving Customers Away Without You Knowing? Your website looks fine. You paid to have it built. It has your phone number, your services, maybe even some photos. So...","<h2>Is Your Website Driving Customers Away Without You Knowing?</h2>

<p>Your website looks fine. You paid to have it built. It has your phone number, your services, maybe even some photos. So why aren't the leads coming in?</p>

<p>This is one of the most common frustrations small business owners face right now. In 2026, having a website is no longer the finish line — it's the starting point. A site that quietly repels visitors costs you money every single day, and most owners don't realize it's happening until they see a competitor pulling ahead.</p>

<p>Here are the most telling signs your website is costing you customers, and what to do about it.</p>

<h2>1. Visitors Land and Leave Immediately</h2>

<p>A high bounce rate — people arriving and leaving without clicking anything — is often the first warning sign. In most cases, it's not a traffic problem. It's a clarity problem.</p>

<p>When someone lands on your homepage, they're asking three questions in about 0.5 seconds: <em>What does this business do? Is it for me? What should I do next?</em> If your site doesn't answer those questions immediately, they leave. Research shows that conversions can drop by as much as 95% when a page is cluttered or unclear.</p>

<p>Ask yourself: does your headline clearly state who you help and what you help them do? If it could apply to five other businesses, it needs work.</p>

<h2>2. Your Site Is Slow to Load</h2>

<p>Speed is not a technical nicety — it's a revenue issue. According to 2026 website performance data, 53% of mobile users abandon sites that take longer than three seconds to load. A two-second delay can push that abandonment rate to 87%. Slow sites cost businesses an estimated $2.6 billion in lost sales annually.</p>

<p>Test your site right now at Google's PageSpeed Insights. If you're scoring below 70 on mobile, you have work to do. Common culprits include oversized images, too many plugins, and unoptimized code.</p>

<h2>3. It Doesn't Work on Mobile</h2>

<p>More than 60% of all web traffic now comes from mobile devices. If your website looks great on a desktop but becomes awkward or hard to navigate on a phone, you're losing the majority of your potential customers before they even read a word.</p>

<p>Pull up your site on your phone right now. Can you read the text without zooming? Are the buttons easy to tap? Is the contact form simple to complete with your thumbs? If the answer to any of these is no, mobile visitors are bouncing — and they're not coming back.</p>

<h2>4. There's No Clear Call to Action</h2>

<p>Many business websites assume visitors will ""just know"" what to do next. They don't. Without a clear, prominent call to action — book a consultation, request a quote, call now — potential customers hesitate. And hesitation usually ends in leaving.</p>

<p>Your most important action should be visible above the fold on every key page. Don't make someone scroll to the bottom of your homepage to find a way to contact you. Guide them. Make the next step obvious and easy.</p>

<h2>5. Your Site Lacks Trust Signals</h2>

<p>In 2026, buyers are more skeptical than ever. Before contacting a business, they're doing a silent credibility check. They're looking for reviews, credentials, case studies, real photos, and any sign that other people have trusted you before them.</p>

<p>If your website has no testimonials, no client results, no social proof at all — visitors feel risk. And when people feel risk, they don't act. Even a handful of genuine reviews placed strategically on your homepage can significantly lift your conversion rate.</p>

<h2>6. Your Messaging Is Vague or Generic</h2>

<p>Phrases like ""we deliver quality solutions"" or ""your trusted partner for success"" appear on thousands of business websites. They say nothing memorable and build zero trust. In a world where AI-assisted search has made buyers more informed and more skeptical, generic messaging is a silent conversion killer.</p>

<p>Specificity builds credibility. ""We build websites for health and wellness coaches that generate booked consultations within 90 days"" tells a very different story than ""we create websites for businesses."" The more specific you are about who you help and what result they get, the more your ideal customer feels like you're speaking directly to them.</p>

<h2>7. Your Design Looks Outdated</h2>

<p>People make snap judgments about a business's legitimacy based on visual presentation. An outdated website — with old fonts, low-quality images, or a layout that looks like it was built in 2010 — signals that a business may be behind the times in other ways too.</p>

<p>You don't need to redesign every year. But a site that's more than four or five years old often needs a refresh to stay competitive. Compare your site side-by-side with your top two competitors. If theirs looks more modern and professional, that's the impression your shared prospects are forming.</p>

<h2>8. You Can't See What's Actually Happening</h2>

<p>If you don't have Google Analytics or another tracking tool installed — or you have it installed but never look at it — you're flying blind. You don't know where visitors come from, what pages they spend time on, or where they drop off before contacting you.</p>

<p>This data is freely available and invaluable. It tells you exactly where your website is working and where it's letting you down. Without it, every decision about your site is a guess.</p>

<h2>9. Your Information Is Outdated</h2>

<p>Nothing erodes trust faster than stale information. If your hours are wrong, your pricing is outdated, your team page features people who no longer work there, or your blog hasn't been updated since 2022 — visitors notice. Inconsistencies between your website and your Google Business Profile also raise red flags with both visitors and search engines.</p>

<p>A quarterly review to check that your site accurately reflects your current business is worth every minute.</p>

<h2>10. You're Not Showing Up in Search</h2>

<p>If your website isn't optimized for search — even at a basic level — potential customers actively looking for your services won't find you. In 2026, this means not just traditional keyword SEO, but also being structured in a way that Google's AI can understand and cite your business in AI-generated summaries.</p>

<p>At a minimum, each page should have a clear title, a meta description, and content that answers the specific questions your ideal customers are asking. If your site was built without SEO in mind, this is often the single biggest lever you can pull.</p>

<h2>What to Do Next</h2>

<p>The good news: most of these issues are fixable. And fixing even two or three of them can meaningfully change how many visitors turn into paying customers.</p>

<p>Start by walking through your own website as a new visitor would. Use an incognito window so you don't see the cached version. Ask yourself honestly: would you contact this business based on what you see?</p>

<p>If the answer isn't a confident yes, it's time to make some changes.</p>

<p>Ready to level up your website? At Meraki & Co, we help small businesses identify exactly what's holding their site back and build something that actually converts. <strong>Request a free website audit or get in touch to start the conversation.</strong></p>",Blog,website not converting / website losing customers,Is Your Website Costing You Customers in 2026?,10 signs your website is quietly losing you customers in 2026 — from slow load times and missing CTAs to outdated design and poor mobile experience. Plus fixes.,website not converting / website losing customers,Is Your Website Costing You Customers in 2026?,10 signs your website is quietly losing you customers in 2026 — from slow load times and missing CTAs to outdated design and poor mobile experience. Plus fixes.,website not converting / website losing customers,Is Your Website Costing You Customers in 2026?,10 signs your website is quietly losing you customers in 2026 — from slow load times and missing CTAs to outdated design and poor mobile experience. Plus fixes.,website not converting / website losing customers
post,draft,SEO in 2026: What Small Businesses Need to Know,seo-in-2026-what-small-businesses-need-to-know,"SEO Isn't Dead — It Just Looks Different in 2026 If you've been following SEO advice from a few years ago, here's a wake-up call: the game has changed. Not in small ways....","<h2>SEO Isn't Dead — It Just Looks Different in 2026</h2>

<p>If you've been following SEO advice from a few years ago, here's a wake-up call: the game has changed. Not in small ways. Fundamentally.</p>

<p>In 2026, Google AI Overviews reach 2 billion monthly users. ChatGPT has 810 million daily users. AI-assisted search traffic is up 527% year over year. The way people find information — and the way they find businesses — has shifted significantly. And for small business owners, understanding what this means for your visibility is no longer optional.</p>

<p>The reassuring part? You don't need to master everything at once. You need to understand what actually matters now and where to put your energy.</p>

<h2>What Actually Changed in 2026 SEO</h2>

<h3>AI Overviews Are Now the Default</h3>

<p>When someone Googles a question, they're increasingly met with an AI-generated summary at the top of the page — before any blue links. This is Google's AI Overview, and it's now standard for many informational searches. The result: roughly 60% of searches now end without a single click to any website.</p>

<p>This doesn't mean SEO is useless. It means the goal has shifted. You're no longer just trying to rank on page one — you're trying to become the source that the AI cites in its summary. Businesses that structure their content clearly and demonstrate genuine expertise are the ones getting mentioned.</p>

<h3>Keywords Are Less Important Than Intent</h3>

<p>Google's algorithms have evolved far past keyword matching. They now understand context, synonyms, and the real meaning behind a search. A person searching ""my shop is too cold in winter"" gets relevant results about HVAC services — even if none of those pages use that exact phrase.</p>

<p>What this means for you: stop trying to stuff exact-match keywords into your content and focus on answering real questions comprehensively. Think about what your customers actually ask before they hire someone like you, and build pages around those questions.</p>

<h3>E-E-A-T Has Never Mattered More</h3>

<p>Google's quality framework — Experience, Expertise, Authoritativeness, and Trustworthiness — is now a core ranking signal. Google is actively trying to distinguish between content written by people who actually know their stuff and content written just to rank.</p>

<p>For small businesses, this is actually an advantage. You have real expertise, real experience, and real clients. Put that front and center. Author bios, case studies, specific examples from your work, and genuine customer reviews all send strong trust signals to both Google and the AI systems reading your site.</p>

<h3>Local SEO Has Become Hyper-Personalized</h3>

<p>If you serve a local area, your Google Business Profile is now arguably more important than your website for first-impression visibility. Local results are increasingly personalized based on proximity, user history, and how actively your profile engages people.</p>

<p>Mobile searches with local intent — ""near me"" queries — continue to convert at very high rates. Businesses that keep their profile complete, collect reviews regularly, and post updates consistently are pulling ahead of those who set it up years ago and never touched it again.</p>

<h2>What Small Businesses Should Focus on Right Now</h2>

<h3>Build Topical Authority, Not Just Individual Pages</h3>

<p>Search engines in 2026 reward depth and consistency. A single blog post on a topic means far less than a cluster of related, interconnected content that signals you truly understand your field. If you're a marketing agency, for example, having ten pages that cover various angles of digital marketing for small businesses is far more powerful than having one isolated post.</p>

<p>Start by identifying the three to five core topics your ideal customers care about most. Then build multiple pieces of content around each one.</p>

<h3>Optimize for Answers, Not Just Rankings</h3>

<p>Structure your content so that key questions are answered directly and concisely. Use clear headings. Include short, direct answer paragraphs followed by supporting detail. Use FAQ sections. This ""chunked"" format is far easier for Google's AI to extract and cite — which means you have a much better chance of appearing in AI Overviews and featured snippets.</p>

<h3>Fix the Technical Basics</h3>

<p>Technical SEO fundamentals still matter in 2026. Your site must be:</p>

<ul>
  <li>Secure (HTTPS — if your site still shows as not secure, fix this today)</li>
  <li>Fast to load on mobile (under three seconds)</li>
  <li>Mobile-friendly and easy to navigate on a phone</li>
  <li>Free of broken links and indexing errors</li>
  <li>Structured with clear page titles, meta descriptions, and proper heading hierarchy</li>
</ul>

<p>None of these are glamorous, but they're the foundation everything else sits on.</p>

<h3>Build Brand Signals</h3>

<p>Search engines increasingly reward businesses that people actively seek out, mention, and link to. This means your SEO strategy should extend beyond your website. Collecting reviews on Google and other platforms, getting mentioned in local or industry publications, being active on social media, and encouraging satisfied clients to refer you online — all of these build the brand signals that compound into better search visibility over time.</p>

<h2>What You Can Stop Worrying About</h2>

<p>For what it's worth, here's what matters far less than it used to:</p>

<ul>
  <li><strong>Exact keyword density.</strong> Writing naturally for humans is the right approach.</li>
  <li><strong>Thin content stuffed with keywords.</strong> Google actively penalizes this now.</li>
  <li><strong>Bulk backlink building from low-quality sites.</strong> Quality over quantity has never been more true.</li>
  <li><strong>Chasing every algorithm update with a quick fix.</strong> The businesses that fare best are those who consistently produce genuinely useful content over time.</li>
</ul>

<h2>The Bottom Line for Small Businesses</h2>

<p>SEO in 2026 rewards the same thing a good reputation has always rewarded: real expertise, clear communication, and consistent delivery. The businesses winning search visibility right now are the ones who write content based on what their customers actually need, maintain credible and complete online profiles, and ensure their website is fast, secure, and easy to use.</p>

<p>The shift to AI-powered search doesn't eliminate opportunity for small businesses — it reshapes it. And for businesses willing to adapt, there's more chance to stand out than ever.</p>

<p>Ready to level up your search visibility? At Meraki & Co, we help small businesses build SEO strategies designed for how search actually works in 2026 — not how it worked five years ago. <strong>Request a free website audit or get in touch to start the conversation.</strong></p>",Blog,SEO changes 2026 / SEO for small business 2026,SEO in 2026: What Small Businesses Need to Know,"SEO changed dramatically in 2026. AI Overviews, E-E-A-T, and search intent modeling now drive rankings. Here's what small businesses actually need to know and do.",SEO changes 2026 / SEO for small business 2026,SEO in 2026: What Small Businesses Need to Know,"SEO changed dramatically in 2026. AI Overviews, E-E-A-T, and search intent modeling now drive rankings. Here's what small businesses actually need to know and do.",SEO changes 2026 / SEO for small business 2026,SEO in 2026: What Small Businesses Need to Know,"SEO changed dramatically in 2026. AI Overviews, E-E-A-T, and search intent modeling now drive rankings. Here's what small businesses actually need to know and do.",SEO changes 2026 / SEO for small business 2026
post,draft,Why Your Social Media Isn't Generating Leads (And How to Fix It),why-your-social-media-isnt-generating-leads-and-how-to-fix-it,"You're Posting. You're Getting Likes. But Where Are the Clients? This is one of the most common frustrations we hear from small business owners: ""I post consistently, I have...","<h2>You're Posting. You're Getting Likes. But Where Are the Clients?</h2>

<p>This is one of the most common frustrations we hear from small business owners: ""I post consistently, I have followers, but I'm not getting any real inquiries from social media.""</p>

<p>Here's the honest answer: likes and followers are not a business strategy. Social media can be a powerful lead generation channel — but only when it's approached with intention. Most small businesses are making a handful of predictable mistakes that turn their social presence into a time sink instead of a sales engine.</p>

<p>Let's talk about what's actually going wrong and how to fix it.</p>

<h2>Mistake 1: You're Posting Without a Strategy</h2>

<p>Showing up consistently is table stakes — but consistency without direction is just noise. If you're posting whatever feels timely or whatever you have bandwidth for, you're creating content for the sake of content rather than content designed to attract and convert a specific customer.</p>

<p>A real social media strategy starts with three questions:</p>
<ul>
  <li><strong>Who specifically am I trying to reach?</strong> ""Small business owners"" is not specific enough. ""Female service-based entrepreneurs in their 30s who are ready to invest in professional branding"" is.</li>
  <li><strong>What problem does my content help them solve?</strong> Every post should be valuable to your ideal customer — educational, entertaining, or inspiring enough that it stops the scroll.</li>
  <li><strong>What do I want them to do next?</strong> Every piece of content should have a purpose in your funnel, even if that purpose is just building awareness and trust.</li>
</ul>

<h2>Mistake 2: You're on the Wrong Platform</h2>

<p>Not every platform is right for every business. A lot of small business owners spread themselves thin across Instagram, Facebook, LinkedIn, TikTok, and Twitter/X — and end up doing all of them poorly.</p>

<p>Before deciding where to show up, ask where your ideal customers actually spend their time:</p>
<ul>
  <li><strong>LinkedIn</strong> is strong for B2B services, consultants, coaches, and professionals selling to other businesses.</li>
  <li><strong>Instagram</strong> works well for visually-driven businesses (interior design, photography, food, fashion) and consumer-facing services.</li>
  <li><strong>Facebook</strong> still has strong community features and local reach — especially effective for local service businesses using Facebook Groups and local ads.</li>
  <li><strong>TikTok and YouTube</strong> reward educational, personality-driven content and work well for building audiences around expertise.</li>
</ul>

<p>It's better to be excellent on one platform than mediocre on four. Pick one or two where your audience is and commit.</p>

<h2>Mistake 3: You're Never Actually Asking for the Business</h2>

<p>This is the most common lead generation failure on social media: no call to action. You post great content, people engage with it, and then... nothing. No next step. No reason to reach out. No door to walk through.</p>

<p>Every post doesn't need a hard sell. But your content mix should regularly include:</p>
<ul>
  <li>Posts that invite direct action (""DM me 'ready' for details,"" ""Click the link in bio to book a free call"")</li>
  <li>Posts that direct people to your website or landing page</li>
  <li>Stories or posts that showcase availability or recent availability (""Spots open for March — here's how we work together"")</li>
  <li>Testimonials and case studies that build trust and make the case for hiring you</li>
</ul>

<p>If people are consuming your content but never taking action, it's likely because you haven't given them a specific, frictionless way to do so.</p>

<h2>Mistake 4: Your Content Is All About You</h2>

<p>This one stings a little, but it's worth saying: content that focuses primarily on your business, your achievements, and your services tends to underperform compared to content that focuses on your audience's problems and goals.</p>

<p>The social media accounts that generate consistent leads are the ones that make the reader feel seen and understood — not the ones that look like an ongoing press release about the business.</p>

<p>Try shifting your content ratio:</p>
<ul>
  <li><strong>40% educational</strong> — tips, how-tos, industry insights your audience can actually use</li>
  <li><strong>30% trust-building</strong> — behind the scenes, client results, process, testimonials</li>
  <li><strong>20% community</strong> — conversation starters, polls, responses to trending topics in your industry</li>
  <li><strong>10% direct offers</strong> — clear invitations to work with you</li>
</ul>

<h2>Mistake 5: You're Treating Social as a Standalone Channel</h2>

<p>Social media is rarely where the conversion happens — it's where the relationship starts. The businesses that generate consistent leads from social use it as one part of a connected system:</p>
<ul>
  <li>Social content builds awareness and trust</li>
  <li>Content directs people to a website, landing page, or email list</li>
  <li>Email marketing nurtures those leads over time</li>
  <li>The website converts visitors into inquiries</li>
</ul>

<p>If you're relying solely on social media to close clients without a follow-up system in place, you're leaving most of your hard work on the table. People who see your content and aren't ready to buy today need somewhere to go so they can find you again when they are ready.</p>

<h2>Mistake 6: You're Measuring the Wrong Things</h2>

<p>Vanity metrics — likes, reach, impressions — feel good but don't pay the bills. The metrics that matter for lead generation are:</p>
<ul>
  <li><strong>Link clicks</strong> — how many people are actually going to your website or landing page?</li>
  <li><strong>DMs and inquiries</strong> — how many conversations are starting from social?</li>
  <li><strong>Profile visits</strong> — are people checking you out after seeing your content?</li>
  <li><strong>Saves and shares</strong> — these indicate content worth bookmarking, which often correlates with purchase intent</li>
</ul>

<p>When you know which content is actually driving action, you can do more of what works and less of what doesn't.</p>

<h2>Where to Start</h2>

<p>Pick your best-performing platform. Look at your last 30 days of content. Ask: how many of those posts had a clear call to action? How many were focused on your audience's problems rather than your business? How many directed people to your website?</p>

<p>Most businesses find that a few focused changes — better CTAs, more audience-centric content, a clearer connection to their website — make a noticeable difference without requiring more time posting.</p>

<p>Ready to turn your social media into a real lead channel? At Meraki & Co, we help small businesses build social strategies that actually connect to revenue. <strong>Request a free website audit</strong> or get in touch to start the conversation.</p>",Blog,social media not working for business,Why Your Social Media Isn't Generating Leads (And How to Fix It),Posting consistently but getting no leads from social media? Here are 7 common mistakes small businesses make — and what actually works to drive inquiries in 2026.,social media not working for business,Why Your Social Media Isn't Generating Leads (And How to Fix It),Posting consistently but getting no leads from social media? Here are 7 common mistakes small businesses make — and what actually works to drive inquiries in 2026.,social media not working for business,Why Your Social Media Isn't Generating Leads (And How to Fix It),Posting consistently but getting no leads from social media? Here are 7 common mistakes small businesses make — and what actually works to drive inquiries in 2026.,social media not working for business
post,draft,The Real Cost of Not Having a Marketing Strategy,the-real-cost-of-not-having-a-marketing-strategy,"The Cost of ""Winging It"" With Your Marketing Most small business owners don't consciously decide to skip having a marketing strategy. It happens gradually. You're busy running the...","<h2>The Cost of ""Winging It"" With Your Marketing</h2>

<p>Most small business owners don't consciously decide to skip having a marketing strategy. It happens gradually. You're busy running the business. A client referral comes through. You try some Facebook ads. You post on Instagram when you remember. Things feel like they're moving — until suddenly they're not.</p>

<p>""Winging it"" with marketing isn't free. It has very real costs that compound quietly over time. And the longer it goes on, the more expensive the catch-up becomes.</p>

<p>Here's what's actually at stake when a small business operates without a clear marketing strategy — and why getting intentional now changes the trajectory.</p>

<h2>Wasted Ad Spend</h2>

<p>Running ads without a strategy is one of the fastest ways to burn through a marketing budget. Paid advertising — Google Ads, Facebook Ads, Instagram promotions — can deliver real results when it's built on a clear understanding of your audience, your offer, and your conversion path. Without those foundations, you're paying for eyeballs with no real plan for what happens next.</p>

<p>2026 data shows that Facebook Ads average a return of just $1.75 for every $1 spent — but that number drops sharply for campaigns that lack targeting precision and proper landing pages. A strategy doesn't just tell you where to advertise. It tells you who to target, what to say, and exactly what you want them to do after they click.</p>

<h2>Inconsistent Brand, Confused Prospects</h2>

<p>When there's no strategy guiding your marketing, the result is often a fragmented brand experience. Your website says one thing, your Instagram another. Your tone on LinkedIn is formal, on Facebook it's casual. Your logo looks different in different places. Each piece might look ""okay"" on its own, but together they feel disjointed.</p>

<p>Inconsistency creates doubt. When a potential customer encounters your brand across multiple touchpoints and each one feels slightly different, they don't trust they know what they're getting. Research from Lucidpress shows that consistent branding across all platforms can increase revenue by up to 33%. Inconsistency costs you that advantage.</p>

<h2>Higher Customer Acquisition Costs</h2>

<p>Without a clear strategy mapping your buyer's journey — how they discover you, how they evaluate you, and what convinces them to hire you — every new customer becomes more expensive to acquire. You're not nurturing people systematically through a funnel. You're making individual, disconnected impressions and hoping some of them convert.</p>

<p>A well-structured marketing strategy reduces acquisition costs over time by building awareness and trust before a prospect ever reaches out. Email marketing alone delivers an average ROI of $42 for every $1 spent — but only when it's built as part of a deliberate nurture system, not ad-hoc newsletters sent whenever you remember.</p>

<h2>Missed Revenue Opportunities</h2>

<p>The most invisible cost of no marketing strategy is the business that never comes to you — because you weren't visible at the moment someone needed you. Search traffic, referral traffic, social discovery — all of these represent potential customers actively looking for what you offer. Without a strategy to show up consistently in those moments, those opportunities go to a competitor.</p>

<p>A study frequently cited in marketing circles found that 81% of small business owners who invested just 5-10% of annual revenue in marketing experienced growth — compared to only half of those who invested less. The businesses that maintained or increased their marketing during uncertainty grew their market share. Those who cut back or stayed reactive saw market share decline.</p>

<h2>Your Team Is Duplicating Work and Guessing</h2>

<p>If you have any team involved in your marketing — even just one part-time assistant — operating without a strategy means everyone is working from different assumptions. Assets get recreated. Campaigns overlap or contradict each other. Time gets spent on tasks that don't connect to any real goal.</p>

<p>A strategy acts as a single source of truth. It defines what you're working toward, who's responsible for what, and how success gets measured. The operational efficiency alone — eliminating duplicated effort and guesswork — is often worth the investment in strategic planning.</p>

<h2>You Can't Measure What's Working</h2>

<p>One of the most frustrating outcomes of a strategy-free approach to marketing is that you genuinely don't know what's driving results. A referral comes in — was it that blog post? The Google ad? The Instagram post from last month? You have no idea, because nothing was set up to track attribution.</p>

<p>Without measurement, you can't optimize. You can't confidently invest more in what works or cut what doesn't. You're making budget decisions based on gut feel — which is an expensive way to operate.</p>

<h2>What a Simple Strategy Actually Looks Like</h2>

<p>You don't need a 40-page marketing plan. A functional small business marketing strategy can be surprisingly compact. It covers:</p>

<ul>
  <li><strong>Who you're serving:</strong> a specific, defined ideal customer — not ""everyone""</li>
  <li><strong>What they need to hear:</strong> the key messages that move them from awareness to trust to action</li>
  <li><strong>Where you'll show up:</strong> the one to three channels where your audience actually is</li>
  <li><strong>What success looks like:</strong> real metrics tied to business outcomes, not vanity numbers</li>
  <li><strong>How you'll move people forward:</strong> the path from first encounter to becoming a paying client</li>
</ul>

<p>With those elements defined, every marketing decision becomes easier. Every piece of content has a purpose. Every dollar spent has a direction.</p>

<h2>The Real Question</h2>

<p>It's not whether you can afford to invest in a marketing strategy. It's whether you can afford to keep operating without one. The hidden costs of inconsistency, wasted spend, and missed revenue add up to far more than the investment in getting strategic.</p>

<p>The good news: it's never too late to get intentional. And the businesses that do — even modestly — see a meaningful difference faster than they expect.</p>

<p>Ready to level up your marketing strategy? At Meraki & Co, we help small businesses build clear, focused marketing plans that connect effort to results. <strong>Request a free website audit or get in touch to start the conversation.</strong></p>",Blog,do I need a marketing strategy small business,The Real Cost of Not Having a Marketing Strategy,"Operating without a marketing strategy costs more than you think — in wasted ad spend, inconsistent branding, and missed revenue. Here's what's really at stake.",do I need a marketing strategy small business,The Real Cost of Not Having a Marketing Strategy,"Operating without a marketing strategy costs more than you think — in wasted ad spend, inconsistent branding, and missed revenue. Here's what's really at stake.",do I need a marketing strategy small business,The Real Cost of Not Having a Marketing Strategy,"Operating without a marketing strategy costs more than you think — in wasted ad spend, inconsistent branding, and missed revenue. Here's what's really at stake.",do I need a marketing strategy small business
post,draft,Google Business Profile in 2026: The Free Tool Most Small Businesses Underuse,google-business-profile-in-2026-the-free-tool-most-small-businesses-underuse,"The Free Tool That Could Be Your Most Powerful Marketing Asset If you have a local business and you're not actively managing your Google Business Profile, you're leaving serious...","<h2>The Free Tool That Could Be Your Most Powerful Marketing Asset</h2>

<p>If you have a local business and you're not actively managing your Google Business Profile, you're leaving serious money on the table. Not metaphorically — literally. Every day, people in your area are searching for services you offer, and if your profile is incomplete, stale, or invisible, those searches are going to your competitors.</p>

<p>Here's what's changed: your Google Business Profile (GBP) in 2026 is no longer just an online directory listing. It's become an AI-powered local marketing hub. When someone asks Google's AI Overview, ChatGPT, or Gemini to recommend a local business, these systems pull heavily from Google Business Profiles. If yours is inactive or incomplete, the AI simply skips you.</p>

<p>Let's break down everything your profile can do for you — and what you need to do to make it work.</p>

<h2>Why This Matters More Than Ever in 2026</h2>

<p>Over 70% of local searches now result in a Google Business Profile interaction. One report found that 48% of local-intent searches led to a GBP interaction within 24 hours. Businesses that include photos on their profiles see 45% more direction requests and 31% more website clicks than those without.</p>

<p>And it's free. Unlike paid ads, optimizing your GBP costs nothing but time — and the returns compound over time as your profile builds more engagement signals.</p>

<h2>Start With the Basics: Complete Every Field</h2>

<p>This sounds obvious, but the majority of small business profiles have gaps. Google rewards completeness with visibility. Here's what needs to be filled in:</p>

<ul>
  <li><strong>Business name, address, and phone number (NAP):</strong> These must be exactly consistent with your website and every other online directory. Inconsistencies confuse Google's location verification and can hurt your rankings. Inconsistent NAP information is responsible for over 40% of local ranking declines.</li>
  <li><strong>Business hours:</strong> Keep these current, including special holiday hours. An outdated or missing hours listing frustrates potential customers and signals inactivity to Google.</li>
  <li><strong>Business category:</strong> Choose your primary category carefully — it's one of the most significant ranking factors. Add secondary categories to capture related searches.</li>
  <li><strong>Business description:</strong> Write a keyword-informed, compelling description that explains what you do, who you serve, and what makes you different. This isn't a legal disclaimer — it's a mini pitch.</li>
  <li><strong>Website link:</strong> This drives traffic and creates a consistency check between your site and your profile.</li>
</ul>

<h2>Photos and Videos: Now Ranking Signals</h2>

<p>In 2026, Google's Vision AI ""reads"" your photos — interpreting what's in them to better categorize your business. A plumber who uploads high-resolution photos of a tankless water heater installation may rank for ""water heater repair"" searches even without that keyword anywhere in their text. That's a significant opportunity most businesses are ignoring.</p>

<p>Best practices for GBP photos:</p>

<ul>
  <li>Upload new photos at least once every two weeks — freshness is now a ranking signal</li>
  <li>Use real photos of your team, workspace, products, and completed work — no stock images</li>
  <li>Include short video clips for additional engagement</li>
  <li>If you have a physical location, consider investing in 360-degree photos for a virtual walkthrough feature</li>
</ul>

<h2>Reviews: Your Most Important Trust Signal</h2>

<p>Reviews are no longer just social proof — they're a direct input into Google's trust and ranking algorithm. Volume, recency, sentiment, and your response rate all factor into how prominently your profile appears.</p>

<p>A few practical moves:</p>

<ul>
  <li><strong>Ask every satisfied client for a review.</strong> Make it easy — send a direct link to your GBP review page. Most happy customers won't leave a review unless prompted.</li>
  <li><strong>Respond to every review,</strong> both positive and negative. Google now monitors response times, and prompt responses are a trust signal. When a negative review comes in, respond professionally — how you handle criticism tells future customers a lot.</li>
  <li><strong>Don't aim for a perfect 5.0 rating.</strong> AI filters are now flagging suspicious ""perfect"" profiles. A 4.5 or higher with many genuine reviews and active engagement is the sweet spot.</li>
</ul>

<h2>Posts: The Most Underused Feature</h2>

<p>The Posts feature allows you to publish updates, offers, events, and tips directly to your profile — and most businesses never use it. This is a mistake. Posting regularly tells Google your business is active and engaged, which is a direct ranking signal.</p>

<p>In 2026, you can now schedule posts in advance, meaning you can batch-create content for a month and set it on autopilot. If you have multiple locations, you can publish the same post across all of them simultaneously. There's no good reason to leave this feature untouched.</p>

<h2>Q&amp;A: Seed It With Real Questions</h2>

<p>The Q&amp;A section of your profile is often overlooked, but Google's AI now uses it to automatically suggest answers to customers based on your profile and website data. If you don't proactively manage it, strangers (or worse, competitors) may post questions — and incorrect answers may appear.</p>

<p>Take 20 minutes to seed your Q&amp;A with the real questions your customers ask most often, along with thorough answers. Upvote the most important ones so they display prominently. This also signals to AI systems that your business is informative and trustworthy.</p>

<h2>The New AI Integration: What It Means for You</h2>

<p>When someone asks an AI assistant — Google's AI Overview, ChatGPT, Gemini — to recommend a local business, the AI cross-references your GBP against your website and other online mentions. Any inconsistency raises a red flag. Any incompleteness means the AI has less to work with — and may simply recommend a more complete competitor instead.</p>

<p>Treating your GBP as a ""set it and forget it"" listing in 2026 is one of the most costly passive mistakes a local business can make. Treating it as a dynamic, living channel — regularly updated, actively managed, and aligned with your website — is one of the highest-ROI things you can do with your marketing time.</p>

<h2>Your GBP Quick-Start Checklist</h2>

<ul>
  <li>Claim and verify your profile if you haven't already</li>
  <li>Complete every single field — leave nothing blank</li>
  <li>Check that your NAP exactly matches your website</li>
  <li>Write a compelling, keyword-informed business description</li>
  <li>Upload at least 10 high-quality photos today; schedule ongoing uploads</li>
  <li>Set up a system to ask for reviews after every client interaction</li>
  <li>Respond to any existing reviews you haven't replied to</li>
  <li>Enable messaging if your business can handle it</li>
  <li>Publish your first GBP Post this week</li>
  <li>Seed your Q&amp;A section with your most common questions</li>
  <li>Check your profile analytics monthly and refine based on what you see</li>
</ul>

<p>Ready to level up your local visibility? At Meraki & Co, we help small businesses optimize their entire digital presence — including the tools that don't cost a penny but make a massive difference. <strong>Request a free website audit or get in touch to start the conversation.</strong></p>",Blog,Google Business Profile tips 2026,Google Business Profile in 2026: The Free Tool Most Small Businesses Underuse,Your Google Business Profile is now an AI-powered local marketing hub. Here's how to fully optimize it in 2026 to dominate local search and get found by more customers.,Google Business Profile tips 2026,Google Business Profile in 2026: The Free Tool Most Small Businesses Underuse,Your Google Business Profile is now an AI-powered local marketing hub. Here's how to fully optimize it in 2026 to dominate local search and get found by more customers.,Google Business Profile tips 2026,Google Business Profile in 2026: The Free Tool Most Small Businesses Underuse,Your Google Business Profile is now an AI-powered local marketing hub. Here's how to fully optimize it in 2026 to dominate local search and get found by more customers.,Google Business Profile tips 2026
post,draft,AI and Marketing in 2026: What Small Business Owners Actually Need to Know,ai-and-marketing-in-2026-what-small-business-owners-actually-need-to-know,AI and Marketing: What Small Business Owners Actually Need to Know in 2026 By now you've heard plenty of takes on AI in marketing. Some say it'll replace marketing teams. Others...,"<h2>AI and Marketing: What Small Business Owners Actually Need to Know in 2026</h2>

<p>By now you've heard plenty of takes on AI in marketing. Some say it'll replace marketing teams. Others say it's overhyped. The truth, as usual, is somewhere in the middle — and a lot more practical than the headlines suggest.</p>

<p>If you're a small business owner trying to figure out what's actually worth your attention, here's the honest version: AI can make parts of your marketing significantly more efficient. But it won't replace strategy, relationships, or the human judgment that makes marketing actually work for a specific business. Here's what to use it for, what to be cautious about, and what still absolutely needs a human.</p>

<h2>What AI Is Genuinely Useful For</h2>

<h3>Content Drafting and Ideation</h3>
<p>This is where most small business owners see the fastest wins. AI tools like ChatGPT, Claude, and Jasper can draft blog posts, email newsletters, social media captions, product descriptions, and ad copy in minutes. This doesn't mean publishing AI output verbatim — but it dramatically reduces the time from blank page to first draft.</p>

<p>The best workflow: use AI to generate a solid starting draft, then edit it with your voice, your specific expertise, and the nuances of your audience. A 70% draft that you refine to 100% is faster than starting from nothing, and it's still your thinking and your expertise at the core.</p>

<h3>Email Marketing Automation</h3>
<p>Modern email platforms use AI to personalize send times, segment audiences, and recommend content based on subscriber behavior. If you're running welcome sequences, re-engagement campaigns, or lead nurture flows — AI-assisted automation can handle the heavy lifting after you've set it up once.</p>

<p>Email marketing delivers an average ROI of <strong>$42 for every $1 spent</strong>, according to research cited by Entrepreneurs HQ — and that return improves when emails are personalized and behavior-triggered rather than batch-and-blast.</p>

<h3>SEO Research and Content Planning</h3>
<p>Tools like Surfer SEO use AI to analyze what's ranking for your target keywords and help you structure content that's more likely to perform. AI can also help you rapidly identify search intent, find content gaps, and generate clusters of related topics — work that used to take hours now takes minutes.</p>

<h3>Image and Visual Creation</h3>
<p>For businesses that need social media graphics, simple ad creative, or supporting images for blog posts, AI image generation tools have become genuinely useful in 2026. They won't replace professional photography or brand identity design — but for quick, consistent visual content, they're a practical option.</p>

<h3>Chatbots and Website Engagement</h3>
<p>AI-powered chatbots can handle initial website inquiries 24/7 — answering common questions, qualifying leads, and routing serious prospects to you. For service businesses that get a lot of ""how much does it cost?"" or ""are you available this month?"" questions, a well-configured chatbot can save significant time while improving the customer experience.</p>

<h3>Analytics and Reporting</h3>
<p>AI is increasingly embedded in tools like Google Analytics 4, Meta Ads Manager, and various CRM platforms to surface insights, flag anomalies, and generate summaries. Instead of spending hours analyzing data, you can ask a question in natural language and get an answer. This is genuinely valuable for small businesses that don't have a dedicated analyst.</p>

<h2>What AI Can't Do (Yet)</h2>

<h3>Build Genuine Relationships</h3>
<p>Trust is the foundation of service-based business. Clients hire people they trust, refer businesses they believe in, and stay loyal to brands that feel human. AI can simulate warmth in writing, but it can't replace the authentic connections built through real conversations, consistent follow-through, and genuine care about outcomes. No AI tool will build your reputation in your local community.</p>

<h3>Replace Strategy</h3>
<p>AI tools are excellent executors — but they need direction. They can write content, but they need to know who the content is for and what it's supposed to accomplish. They can draft ad copy, but they need a clear offer and audience to work with. Without a real strategy behind them, AI tools produce a lot of words and not much result.</p>

<h3>Make Contextual Judgment Calls</h3>
<p>When a client situation is complicated, when a market is shifting, when the right answer depends on specific knowledge about your business and your customers — that requires human judgment. AI can surface options and information, but the person who knows your business, your industry, and your customers makes better decisions.</p>

<h3>Generate Genuinely Unique Ideas</h3>
<p>AI is trained on existing content — it recombines and rephrases what already exists. Original positioning, fresh angles, distinctive brand voice, and genuinely creative campaigns still require human creativity. This is where investing in skilled marketing help, rather than just AI tools, pays off.</p>

<h2>A Practical AI Toolkit for Small Businesses in 2026</h2>

<p>You don't need expensive software. Here are practical starting points:</p>
<ul>
  <li><strong>ChatGPT or Claude</strong> — content drafting, brainstorming, email writing, FAQ creation</li>
  <li><strong>Canva (with AI features)</strong> — social media graphics, simple ad creative, presentations</li>
  <li><strong>Jasper</strong> — marketing-specific content with brand voice consistency</li>
  <li><strong>Notion AI or similar</strong> — organizing your marketing ideas, drafting strategy documents</li>
  <li><strong>Zapier AI</strong> — connecting tools and automating repetitive workflows</li>
  <li><strong>Your email platform's built-in AI</strong> (Mailchimp, Klaviyo, ActiveCampaign) — subject line testing, send time optimization, audience segmentation</li>
</ul>

<p>Start with one. Get comfortable with how it speeds up one part of your process before adding another tool to the mix.</p>

<h2>The Bottom Line on AI and Marketing</h2>

<p>AI is a force multiplier, not a replacement. A business owner with clear strategy and good AI tools can now do things that previously required a full marketing team. But a business without a clear direction using AI tools just produces mediocre content faster.</p>

<p>The businesses winning in 2026 are those combining human strategy and relationships with AI efficiency. The goal isn't to remove humans from marketing — it's to free them up to do the things that actually require human judgment.</p>

<p>Ready to build a smarter marketing approach that uses AI where it helps and human expertise where it matters? At Meraki & Co, we help small businesses integrate the right tools into a strategy that actually works. <strong>Request a free website audit</strong> or get in touch to start the conversation.</p>",Blog,AI marketing small business,AI and Marketing in 2026: What Small Business Owners Actually Need to Know,"By end of 2026, 80% of small businesses will use AI for marketing. Here's what's actually useful, what AI can't replace, and how to start without the overwhelm.",AI marketing small business,AI and Marketing in 2026: What Small Business Owners Actually Need to Know,"By end of 2026, 80% of small businesses will use AI for marketing. Here's what's actually useful, what AI can't replace, and how to start without the overwhelm.",AI marketing small business,AI and Marketing in 2026: What Small Business Owners Actually Need to Know,"By end of 2026, 80% of small businesses will use AI for marketing. Here's what's actually useful, what AI can't replace, and how to start without the overwhelm.",AI marketing small business
post,draft,10 Signs It's Time to Rebrand Your Business,10-signs-its-time-to-rebrand-your-business,That Nagging Feeling About Your Brand? It's Worth Paying Attention To. Most business owners who need a rebrand know it on some level before they admit it. There's the cringe when...,"<h2>That Nagging Feeling About Your Brand? It's Worth Paying Attention To.</h2>

<p>Most business owners who need a rebrand know it on some level before they admit it. There's the cringe when handing over a business card. The hesitation before sending someone to the website. The quiet hope that a prospect doesn't look too closely at the Instagram page.</p>

<p>A brand that no longer fits your business isn't just an aesthetic problem — it's a revenue problem. In 2026, buyers compare options in seconds. They check your website, your social profiles, your Google listing, and your competitors' sites — often before they ever contact anyone. A brand that looks outdated, inconsistent, or misaligned with your actual offering creates doubt. And doubt is expensive.</p>

<p>Here are 10 signs it's time to rebrand your business.</p>

<h2>1. Your Business Has Evolved, But Your Brand Hasn't</h2>

<p>This is the most common trigger for a rebrand — and the most overlooked. When most businesses launch, their branding reflects that version of the company: the services they offered, the clients they knew, what they could afford. But businesses evolve. Services change. Target clients shift. Pricing moves upmarket.</p>

<p>If your brand still represents where you were rather than where you are, it's creating friction. You're pitching premium clients with a logo that looks like a freelance side project. Your service menu has expanded significantly, but your website only tells part of the story. The brand your business needs now is not the brand it needed three years ago.</p>

<h2>2. Your Messaging Sounds Like Everyone Else</h2>

<p>Read your homepage headline right now. Does it contain the words ""quality,"" ""solutions,"" ""passionate,"" or ""trusted""? If so, it sounds like thousands of other businesses in your space.</p>

<p>Generic positioning is invisible positioning. In a world where buyers are doing AI-assisted comparisons before they contact anyone, messaging that could describe ten different competitors gives people no reason to choose you specifically. A rebrand gives you the opportunity to articulate what genuinely makes you different — in language that actually lands with the people you want to serve.</p>

<h2>3. Your Brand Looks Different Everywhere People Find You</h2>

<p>If your website, Google Business Profile, Instagram, email signature, and proposals all feel like they came from different companies, that's a clear signal. Customers don't experience your brand in one place — they encounter it in fragments, across platforms, often in the same day.</p>

<p>Inconsistency creates doubt. Brand consistency research shows that consistent branding across all platforms can increase revenue by up to 33%. ""Close enough"" branding isn't close enough — it's quietly costing you credibility.</p>

<h2>4. You're Attracting the Wrong Clients</h2>

<p>Your brand signals who you're for. If you're consistently attracting clients who are a poor fit — wrong budget, wrong expectations, wrong industry — that's often a brand problem as much as a marketing problem. Your visual identity, your messaging, and your pricing presentation are all either attracting or repelling your ideal customer.</p>

<p>A thoughtful rebrand can effectively ""reprice"" you in the marketplace by elevating how your business looks and sounds, without changing what you actually do.</p>

<h2>5. Your Visual Identity Looks Dated</h2>

<p>Design standards evolve. A logo that looked modern in 2017 can look tired in 2026. Heavy drop shadows, clipart-style icons, complex emblems that don't scale to social media avatars, fonts that feel rooted in another era — these signal to buyers that a business may be behind the times in other ways too.</p>

<p>You don't need to change your brand identity every few years. But if a side-by-side comparison with your top competitors makes yours look noticeably older, that perception gap is costing you.</p>

<h2>6. Your Name or Logo Doesn't Work Digitally</h2>

<p>Businesses that were named or branded before social media had the luxury of not thinking about how a logo looks as a square profile icon, or whether a business name is easy to search and find online. In 2026, your brand has to work across a range of digital contexts — mobile screens, favicon size, social media thumbnails, email signatures.</p>

<p>If your brand name is shared by ten other businesses or is genuinely difficult to search, or if your logo loses all meaning when scaled down, these are functional problems that a rebrand can solve.</p>

<h2>7. You're Embarrassed to Share Your Website</h2>

<p>This is one of the simplest tests. If there's a moment of reluctance before you send someone to your site — a vague hope that they won't look too closely — that's meaningful information. A business owner who is proud of their brand shares it freely and confidently.</p>

<p>If your site consistently prompts that hesitation, something needs to change.</p>

<h2>8. You've Changed Your Target Audience</h2>

<p>A rebrand isn't always about the business changing — sometimes it's about the audience changing. If you've deliberately moved from one customer segment to another, your brand needs to reflect the new audience's expectations and aesthetic sensibilities.</p>

<p>A coaching business that was built around first-time entrepreneurs but now wants to work with established executives needs a different visual identity, a different tone of voice, and a different story than the one that served the original audience.</p>

<h2>9. You're Entering a New Market or a New Phase of Growth</h2>

<p>Specific business milestones have a way of exposing the gap between who you were and who you're trying to become. Launching a new service line. Pursuing larger clients. Going from local to national. Bringing on a business partner.</p>

<p>These moments are natural inflection points for a brand review. Investors, strategic partners, and prospective employees all form opinions fast — and your brand either builds confidence or introduces doubt. A rebrand around a growth milestone isn't vanity. It's strategy.</p>

<h2>10. Your Brand Makes You Look Smaller Than You Are</h2>

<p>Some brands undersell the business behind them. The work, the track record, and the results are genuinely impressive — but the brand looks like a startup with a limited budget. This is especially common for businesses that have grown significantly since their original brand was created and never updated their identity to match their actual reputation and capabilities.</p>

<p>If your brand's visual and verbal presence doesn't match the caliber of work you actually deliver, you're asking clients to take a leap of faith that a better brand would have already justified.</p>

<h2>Rebrand vs. Refresh: Which Do You Need?</h2>

<p>Not every situation requires a full rebrand from scratch. A brand refresh — updating your logo, modernizing your color palette, cleaning up your typography — is often sufficient when your fundamental positioning is sound but the execution looks dated. A full rebrand is appropriate when the positioning itself has shifted, or when your existing brand association is working against you.</p>

<p>If you found yourself nodding at two or more items on this list, you're past the question of whether to act. The question is how — and that starts with getting clear on what's changed and what story you actually need your brand to tell.</p>

<p>Ready to level up your brand? At Meraki & Co, we help small businesses build identities that match the quality of their work and attract the right clients. <strong>Request a free website audit or get in touch to start the conversation.</strong></p>",Blog,when to rebrand my business,10 Signs It's Time to Rebrand Your Business,10 telltale signs your business has outgrown its brand — from mismatched messaging and outdated visuals to attracting the wrong clients. Know when it's time to rebrand.,when to rebrand my business,10 Signs It's Time to Rebrand Your Business,10 telltale signs your business has outgrown its brand — from mismatched messaging and outdated visuals to attracting the wrong clients. Know when it's time to rebrand.,when to rebrand my business,10 Signs It's Time to Rebrand Your Business,10 telltale signs your business has outgrown its brand — from mismatched messaging and outdated visuals to attracting the wrong clients. Know when it's time to rebrand.,when to rebrand my business
post,draft,What Is Content Marketing and Why Should Your Small Business Care?,what-is-content-marketing-and-why-should-your-small-business-care,"Content Marketing Explained: And Why It Might Be the Best Investment Your Business Makes If you've heard the term ""content marketing"" and quietly nodded while not being entirely...","<h2>Content Marketing Explained: And Why It Might Be the Best Investment Your Business Makes</h2>

<p>If you've heard the term ""content marketing"" and quietly nodded while not being entirely sure what it means or whether it applies to your business — this post is for you.</p>

<p>Content marketing is, at its core, the practice of creating and publishing useful information that attracts your ideal customers and builds enough trust that they choose to hire you. Instead of paying to interrupt people with ads, you're creating things people actually want to find and read.</p>

<p>Sounds simple. The results, when done well, are anything but small.</p>

<h2>What Content Marketing Actually Looks Like</h2>

<p>Content marketing isn't one thing. It's a category that includes:</p>

<ul>
  <li><strong>Blog posts</strong> that answer questions your ideal clients are actively searching for</li>
  <li><strong>Videos</strong> that demonstrate your expertise or explain how you can help</li>
  <li><strong>Email newsletters</strong> that stay in front of your audience and nurture them over time</li>
  <li><strong>Social media content</strong> that educates, entertains, or resonates with your followers</li>
  <li><strong>Guides, checklists, or downloadable resources</strong> that provide genuine value</li>
  <li><strong>Podcasts or webinars</strong> for businesses with deeper expertise to share</li>
</ul>

<p>What all of these have in common: they give something before asking for anything. They demonstrate expertise. They answer real questions. And they show up consistently enough that when a reader is finally ready to hire someone, your name is the first one that comes to mind.</p>

<h2>Why It Works: The Numbers Are Hard to Ignore</h2>

<p>Content marketing is one of the most studied areas in marketing because the data is consistently compelling.</p>

<p>Content marketing generates over three times as many leads as outbound marketing — cold calls, direct mail, interruptive ads — while costing 62% less. Small businesses are 23% more likely than average to see ROI from blog posts. Businesses that blog consistently see 13 times more positive ROI than those that don't. According to HubSpot's 2026 State of Marketing Report, website/blog/SEO remains the number one ROI-generating channel for marketers.</p>

<p>The global content marketing industry is projected to reach $107 billion in 2026. This isn't a niche tactic — it's the foundation of how modern customers discover and evaluate businesses before they ever pick up the phone.</p>

<h2>The Specific Reason It Works for Small Businesses</h2>

<p>Larger companies can outspend you on paid ads. They have bigger teams, bigger budgets, and more brand recognition. Content marketing levels that playing field in a meaningful way.</p>

<p>Here's why: expertise is not exclusive to large businesses. In fact, small businesses often have a depth of hands-on, practical experience in their niche that corporate competitors cannot replicate. When a small business owner shares genuine insights from their actual work — specific lessons, real client scenarios, honest perspectives — that content has a credibility and personality that generic brand content rarely achieves.</p>

<p>You don't need a content team. You need a clear point of view, a consistent publishing schedule, and a genuine desire to help your audience.</p>

<h2>How Content Marketing Drives Leads: A Real-World Example</h2>

<p>Imagine you're a small accounting firm targeting restaurant owners. You publish a blog post titled ""7 Tax Deductions Most Restaurant Owners Miss."" A restaurant owner in your city, stressed about an upcoming tax deadline, searches Google for advice and finds your post. They read it. It's specific, accurate, and clearly written by someone who understands the restaurant industry.</p>

<p>They check your website. They like what they see. They sign up for your email list. Over the next three months, they receive a handful of useful emails about restaurant finance topics. When their current accountant moves away, they don't search Google again — they call you.</p>

<p>That's content marketing. It's not instant. But the client who comes to you through that process is already convinced you're the right choice before they even speak to you.</p>

<h2>What Makes Content Marketing Actually Work</h2>

<p>A lot of businesses try content marketing and give up because they don't see results quickly enough. The most common reasons it underperforms:</p>

<ul>
  <li><strong>Writing for search engines instead of real people.</strong> Keyword-stuffed content that doesn't genuinely help anyone builds rankings but not trust. The two goals aren't mutually exclusive — great content can be optimized — but helpful should come first.</li>
  <li><strong>Publishing inconsistently.</strong> One post every six months won't build momentum. Data suggests businesses that publish two to six times per week see significantly stronger results — but even a consistent once-a-week cadence outperforms sporadic bursts.</li>
  <li><strong>Writing about themselves instead of their audience.</strong> Company news and announcements have their place, but they're not what prospects are searching for. Answer the questions your ideal clients are actually asking.</li>
  <li><strong>No distribution strategy.</strong> Content published and forgotten generates no traffic. Each piece needs to be shared via email, social media, and any other channel where your audience lives.</li>
  <li><strong>No patience.</strong> Content marketing compounds over time. A blog post published today may generate its best traffic 18 months from now. The businesses that win with content are those that commit to it as a long-term asset, not a short-term fix.</li>
</ul>

<h2>The Connection to SEO</h2>

<p>Content marketing and SEO are deeply intertwined. Every piece of content you publish is an opportunity to rank for a keyword someone is searching for. Over time, a consistent library of high-quality, relevant content builds what SEO professionals call ""topical authority"" — signaling to Google that your website is a credible source on your area of expertise.</p>

<p>In 2026, with AI-generated search summaries becoming the norm, the businesses cited in those AI answers are the ones with clear, authoritative, well-structured content. Content marketing is how you earn those citations.</p>

<h2>Where to Start</h2>

<p>If you're starting from scratch, keep it simple:</p>

<ol>
  <li><strong>Write down the 10 most common questions your ideal clients ask before hiring you.</strong> These are your first 10 blog post topics.</li>
  <li><strong>Commit to publishing one post per week</strong> — or even once every two weeks — and stick to it.</li>
  <li><strong>Share each post via email to your list and across your social channels.</strong></li>
  <li><strong>Measure what's driving traffic and leads</strong> using Google Analytics, then do more of what works.</li>
</ol>

<p>You don't need a content agency to start. You need to start. The businesses that begin today will be years ahead of those who wait for the ""perfect"" content strategy.</p>

<p>Ready to level up your content marketing? At Meraki & Co, we help small businesses build content strategies that attract the right clients and build genuine authority online. <strong>Request a free website audit or get in touch to start the conversation.</strong></p>",Blog,content marketing for small business,What Is Content Marketing and Why Should Your Small Business Care?,Content marketing generates 3x more leads than outbound marketing at 62% less cost. Here's a beginner-friendly guide to what it is and how it drives real results for small businesses.,content marketing for small business,What Is Content Marketing and Why Should Your Small Business Care?,Content marketing generates 3x more leads than outbound marketing at 62% less cost. Here's a beginner-friendly guide to what it is and how it drives real results for small businesses.,content marketing for small business,What Is Content Marketing and Why Should Your Small Business Care?,Content marketing generates 3x more leads than outbound marketing at 62% less cost. Here's a beginner-friendly guide to what it is and how it drives real results for small businesses.,content marketing for small business
post,draft,DIY Website vs. Hiring a Professional: What's Really Worth It?,diy-website-vs-hiring-a-professional-whats-really-worth-it,Should You Build Your Own Website or Hire a Pro? An Honest Answer. The pitch from website builders is compelling. Squarespace. Wix. WordPress with a drag-and-drop theme. You can...,"<h2>Should You Build Your Own Website or Hire a Pro? An Honest Answer.</h2>

<p>The pitch from website builders is compelling. Squarespace. Wix. WordPress with a drag-and-drop theme. You can have a website up in an afternoon. No code. No agency fees. Just your credit card and a few hours.</p>

<p>And sometimes — honestly — that's the right call. But sometimes it's the most expensive decision a small business can make, even if it costs almost nothing upfront.</p>

<p>Here's a straightforward breakdown of when a DIY website works, when it doesn't, and how to think clearly about which side you're on.</p>

<h2>What DIY Platforms Actually Offer</h2>

<p>Platforms like Squarespace and Wix have genuinely improved. Their templates are polished. Their hosting is reliable. They require no coding knowledge to get started. For certain use cases, they do the job well.</p>

<p>What you get with a DIY builder:</p>

<ul>
  <li>Low monthly cost (typically $16–$35/month depending on the plan)</li>
  <li>Fast setup — you can be live within a day if you're focused</li>
  <li>All-in-one hosting, SSL certificate, and basic features bundled in</li>
  <li>Decent-looking templates out of the box</li>
  <li>Reasonable control over making simple text and image updates</li>
</ul>

<p>For a new business validating an idea, a portfolio site for a creative professional, or a simple event landing page, these platforms are often the sensible choice. There is no shame in starting there.</p>

<h2>The Real Limitations of DIY Platforms</h2>

<p>Here's where the honest conversation gets important. DIY builders are designed for simplicity, and simplicity has a ceiling. As your business grows, or as your website needs to do more serious work, the limitations become increasingly costly.</p>

<h3>Template Sameness</h3>

<p>Every template on these platforms is used by thousands — sometimes hundreds of thousands — of other businesses. No matter how much you customize within the template's constraints, your site will share structural DNA with countless others. In a competitive market, that visual sameness makes it genuinely difficult to stand out. Your brand is supposed to communicate what makes you different. It's hard to do that when your website looks like a template.</p>

<h3>SEO Performance</h3>

<p>This is where DIY platforms most commonly hurt small businesses. Research consistently shows that professionally built sites — particularly those built on properly optimized WordPress — outperform DIY builder sites in search rankings. The reasons are technical: bloated code that slows page speed, limited control over technical SEO elements, restricted access to schema markup and structured data, and less flexibility to optimize for the specifics of your industry and audience.</p>

<p>In 2026, with AI-generated search summaries and an increasingly competitive search landscape, the SEO gap between a well-built professional site and a template site can translate to thousands of dollars in missed organic traffic over time.</p>

<h3>You Don't Own Your Website</h3>

<p>This one surprises people. When you build on Wix or Squarespace, you don't own the underlying code or your website file. If the platform changes its pricing structure, discontinues a feature you depend on, or you decide to move to a different solution — you start over. You cannot migrate your Squarespace site the way you can migrate a WordPress site. This is a real business continuity risk that's easy to overlook when you're just trying to get something live.</p>

<h3>The Time Investment Is Real</h3>

<p>The ""build it in a day"" promise is a marketing claim, not a realistic expectation for most business owners. What starts as an afternoon project typically becomes weeks of learning the platform, troubleshooting why things don't look right, trying to make the template work for your specific business, and second-guessing every design decision.</p>

<p>Those hours have an opportunity cost. Time spent building a website is time not spent serving clients, developing new business, or doing the things that actually require your expertise. Depending on your hourly rate, the time investment in a DIY website often exceeds the cost of hiring a professional.</p>

<h3>Conversion Strategy Is Missing</h3>

<p>A template is a layout. It is not a strategy. Professional web designers think about your visitor's journey — who arrives, what they need to see, in what order, and what action they should take. They build toward conversion: turning a visitor into an inquiry, a booking, or a sale.</p>

<p>DIY builders make the visual side achievable for non-designers. They cannot replace the strategic thinking that makes a website actually perform.</p>

<h2>When to Build It Yourself</h2>

<p>In the spirit of honest advice: go ahead and use a DIY builder if:</p>

<ul>
  <li>You are genuinely just starting out and need an online presence while you validate your business model</li>
  <li>Your budget is extremely constrained (under $500 total) and you understand the tradeoffs</li>
  <li>Your website is not a primary driver of your business — most of your work comes through referrals or other channels</li>
  <li>You have design skills and enjoy the process, and you're comfortable accepting the SEO and customization limitations</li>
  <li>It's explicitly a temporary solution while you save toward a professional build</li>
</ul>

<h2>When to Hire a Professional</h2>

<p>The investment in a professionally built website makes sense when:</p>

<ul>
  <li><strong>Your website is how you get clients.</strong> If potential customers find you online and make their decision based on what they see, a high-converting site pays for itself.</li>
  <li><strong>You want to rank in search.</strong> If being found on Google is part of your growth strategy, professional SEO-optimized development gives you a significant structural advantage.</li>
  <li><strong>Your time is better spent elsewhere.</strong> If 40–80 hours building a website means 40–80 hours not running your business, the math often favors hiring out.</li>
  <li><strong>You need custom functionality.</strong> Booking systems, member portals, specific integrations, e-commerce with custom logic — these are difficult or impossible on DIY builders, straightforward for a professional developer.</li>
  <li><strong>You want a site that reflects your actual caliber.</strong> For businesses competing for higher-value clients, a professional site communicates competence and commitment before a word is read.</li>
</ul>

<h2>The Middle Ground Reality</h2>

<p>Many businesses start with a DIY site and eventually transition to a professionally built one. This is perfectly fine — it's a common and practical path. What's worth knowing in advance: you will generally need to rebuild from scratch, since DIY platform files don't migrate cleanly. Every month on a site that underperforms is a month of lost potential — lost leads, lost rankings, lost credibility.</p>

<p>If you're asking this question because your business has grown past where your current site can take you, that transition sooner rather than later tends to have a significant positive return.</p>

<h2>The Bottom Line</h2>

<p>A DIY website is better than no website. For the right situation, it's entirely adequate. But ""adequate"" and ""performing at its potential"" are different goals — and most serious businesses find that the gap becomes more expensive over time than the investment in professional design would have been from the start.</p>

<p>Ready to level up your website? At Meraki & Co, we help small businesses build sites that do more than look good — they rank, convert, and grow with your business. <strong>Request a free website audit or get in touch to start the conversation.</strong></p>",Blog,DIY website vs professional web design,DIY Website vs. Hiring a Professional: What's Really Worth It?,Wix or Squarespace vs. a professional website — which is actually worth it? An honest breakdown of when DIY works and when hiring a pro pays for itself many times over.,DIY website vs professional web design,DIY Website vs. Hiring a Professional: What's Really Worth It?,Wix or Squarespace vs. a professional website — which is actually worth it? An honest breakdown of when DIY works and when hiring a pro pays for itself many times over.,DIY website vs professional web design,DIY Website vs. Hiring a Professional: What's Really Worth It?,Wix or Squarespace vs. a professional website — which is actually worth it? An honest breakdown of when DIY works and when hiring a pro pays for itself many times over.,DIY website vs professional web design
